INSERT INTO [Countries] VALUES ('AF', 'Afghanistan');
INSERT INTO [Countries] VALUES ('AL', 'Albania');
INSERT INTO [Countries] VALUES ('DZ', 'Algeria');
INSERT INTO [Countries] VALUES ('DS', 'American Samoa');
INSERT INTO [Countries] VALUES ('AD', 'Andorra');
INSERT INTO [Countries] VALUES ('AO', 'Angola');
INSERT INTO [Countries] VALUES ('AI', 'Anguilla');
INSERT INTO [Countries] VALUES ('AQ', 'Antarctica');
INSERT INTO [Countries] VALUES ('AG', 'Antigua and Barbuda');
INSERT INTO [Countries] VALUES ('AR', 'Argentina');
INSERT INTO [Countries] VALUES ('AM', 'Armenia');
INSERT INTO [Countries] VALUES ('AW', 'Aruba');
INSERT INTO [Countries] VALUES ('AU', 'Australia');
INSERT INTO [Countries] VALUES ('AT', 'Austria');
INSERT INTO [Countries] VALUES ('AZ', 'Azerbaijan');
INSERT INTO [Countries] VALUES ('BS', 'Bahamas');
INSERT INTO [Countries] VALUES ('BH', 'Bahrain');
INSERT INTO [Countries] VALUES ('BD', 'Bangladesh');
INSERT INTO [Countries] VALUES ('BB', 'Barbados');
INSERT INTO [Countries] VALUES ('BY', 'Belarus');
INSERT INTO [Countries] VALUES ('BE', 'Belgium');
INSERT INTO [Countries] VALUES ('BZ', 'Belize');
INSERT INTO [Countries] VALUES ('BJ', 'Benin');
INSERT INTO [Countries] VALUES ('BM', 'Bermuda');
INSERT INTO [Countries] VALUES ('BT', 'Bhutan');
INSERT INTO [Countries] VALUES ('BO', 'Bolivia');
INSERT INTO [Countries] VALUES ('BA', 'Bosnia and Herzegovina');
INSERT INTO [Countries] VALUES ('BW', 'Botswana');
INSERT INTO [Countries] VALUES ('BV', 'Bouvet Island');
INSERT INTO [Countries] VALUES ('BR', 'Brazil');
INSERT INTO [Countries] VALUES ('IO', 'British Indian Ocean Territory');
INSERT INTO [Countries] VALUES ('BN', 'Brunei Darussalam');
INSERT INTO [Countries] VALUES ('BG', 'Bulgaria');
INSERT INTO [Countries] VALUES ('BF', 'Burkina Faso');
INSERT INTO [Countries] VALUES ('BI', 'Burundi');
INSERT INTO [Countries] VALUES ('KH', 'Cambodia');
INSERT INTO [Countries] VALUES ('CM', 'Cameroon');
INSERT INTO [Countries] VALUES ('CA', 'Canada');
INSERT INTO [Countries] VALUES ('CV', 'Cape Verde');
INSERT INTO [Countries] VALUES ('KY', 'Cayman Islands');
INSERT INTO [Countries] VALUES ('CF', 'Central African Republic');
INSERT INTO [Countries] VALUES ('TD', 'Chad');
INSERT INTO [Countries] VALUES ('CL', 'Chile');
INSERT INTO [Countries] VALUES ('CN', 'China');
INSERT INTO [Countries] VALUES ('CX', 'Christmas Island');
INSERT INTO [Countries] VALUES ('CC', 'Cocos (Keeling) Islands');
INSERT INTO [Countries] VALUES ('CO', 'Colombia');
INSERT INTO [Countries] VALUES ('KM', 'Comoros');
INSERT INTO [Countries] VALUES ('CD', 'Democratic Republic of the Congo');
INSERT INTO [Countries] VALUES ('CG', 'Republic of Congo');
INSERT INTO [Countries] VALUES ('CK', 'Cook Islands');
INSERT INTO [Countries] VALUES ('CR', 'Costa Rica');
INSERT INTO [Countries] VALUES ('HR', 'Croatia (Hrvatska)');
INSERT INTO [Countries] VALUES ('CU', 'Cuba');
INSERT INTO [Countries] VALUES ('CY', 'Cyprus');
INSERT INTO [Countries] VALUES ('CZ', 'Czech Republic');
INSERT INTO [Countries] VALUES ('DK', 'Denmark');
INSERT INTO [Countries] VALUES ('DJ', 'Djibouti');
INSERT INTO [Countries] VALUES ('DM', 'Dominica');
INSERT INTO [Countries] VALUES ('DO', 'Dominican Republic');
INSERT INTO [Countries] VALUES ('TP', 'East Timor');
INSERT INTO [Countries] VALUES ('EC', 'Ecuador');
INSERT INTO [Countries] VALUES ('EG', 'Egypt');
INSERT INTO [Countries] VALUES ('SV', 'El Salvador');
INSERT INTO [Countries] VALUES ('GQ', 'Equatorial Guinea');
INSERT INTO [Countries] VALUES ('ER', 'Eritrea');
INSERT INTO [Countries] VALUES ('EE', 'Estonia');
INSERT INTO [Countries] VALUES ('ET', 'Ethiopia');
INSERT INTO [Countries] VALUES ('FK', 'Falkland Islands (Malvinas)');
INSERT INTO [Countries] VALUES ('FO', 'Faroe Islands');
INSERT INTO [Countries] VALUES ('FJ', 'Fiji');
INSERT INTO [Countries] VALUES ('FI', 'Finland');
INSERT INTO [Countries] VALUES ('FR', 'France');
INSERT INTO [Countries] VALUES ('FX', 'France, Metropolitan');
INSERT INTO [Countries] VALUES ('GF', 'French Guiana');
INSERT INTO [Countries] VALUES ('PF', 'French Polynesia');
INSERT INTO [Countries] VALUES ('TF', 'French Southern Territories');
INSERT INTO [Countries] VALUES ('GA', 'Gabon');
INSERT INTO [Countries] VALUES ('GM', 'Gambia');
INSERT INTO [Countries] VALUES ('GE', 'Georgia');
INSERT INTO [Countries] VALUES ('DE', 'Germany');
INSERT INTO [Countries] VALUES ('GH', 'Ghana');
INSERT INTO [Countries] VALUES ('GI', 'Gibraltar');
INSERT INTO [Countries] VALUES ('GK', 'Guernsey');
INSERT INTO [Countries] VALUES ('GR', 'Greece');
INSERT INTO [Countries] VALUES ('GL', 'Greenland');
INSERT INTO [Countries] VALUES ('GD', 'Grenada');
INSERT INTO [Countries] VALUES ('GP', 'Guadeloupe');
INSERT INTO [Countries] VALUES ('GU', 'Guam');
INSERT INTO [Countries] VALUES ('GT', 'Guatemala');
INSERT INTO [Countries] VALUES ('GN', 'Guinea');
INSERT INTO [Countries] VALUES ('GW', 'Guinea-Bissau');
INSERT INTO [Countries] VALUES ('GY', 'Guyana');
INSERT INTO [Countries] VALUES ('HT', 'Haiti');
INSERT INTO [Countries] VALUES ('HM', 'Heard and Mc Donald Islands');
INSERT INTO [Countries] VALUES ('HN', 'Honduras');
INSERT INTO [Countries] VALUES ('HK', 'Hong Kong');
INSERT INTO [Countries] VALUES ('HU', 'Hungary');
INSERT INTO [Countries] VALUES ('IS', 'Iceland');
INSERT INTO [Countries] VALUES ('IN', 'India');
INSERT INTO [Countries] VALUES ('IM', 'Isle of Man');
INSERT INTO [Countries] VALUES ('ID', 'Indonesia');
INSERT INTO [Countries] VALUES ('IR', 'Iran (Islamic Republic of)');
INSERT INTO [Countries] VALUES ('IQ', 'Iraq');
INSERT INTO [Countries] VALUES ('IE', 'Ireland');
INSERT INTO [Countries] VALUES ('IL', 'Israel');
INSERT INTO [Countries] VALUES ('IT', 'Italy');
INSERT INTO [Countries] VALUES ('CI', 'Ivory Coast');
INSERT INTO [Countries] VALUES ('JE', 'Jersey');
INSERT INTO [Countries] VALUES ('JM', 'Jamaica');
INSERT INTO [Countries] VALUES ('JP', 'Japan');
INSERT INTO [Countries] VALUES ('JO', 'Jordan');
INSERT INTO [Countries] VALUES ('KZ', 'Kazakhstan');
INSERT INTO [Countries] VALUES ('KE', 'Kenya');
INSERT INTO [Countries] VALUES ('KI', 'Kiribati');
INSERT INTO [Countries] VALUES ('KP', 'Korea, Democratic People''s Republic of');
INSERT INTO [Countries] VALUES ('KR', 'Korea, Republic of');
INSERT INTO [Countries] VALUES ('XK', 'Kosovo');
INSERT INTO [Countries] VALUES ('KW', 'Kuwait');
INSERT INTO [Countries] VALUES ('KG', 'Kyrgyzstan');
INSERT INTO [Countries] VALUES ('LA', 'Lao People''s Democratic Republic');
INSERT INTO [Countries] VALUES ('LV', 'Latvia');
INSERT INTO [Countries] VALUES ('LB', 'Lebanon');
INSERT INTO [Countries] VALUES ('LS', 'Lesotho');
INSERT INTO [Countries] VALUES ('LR', 'Liberia');
INSERT INTO [Countries] VALUES ('LY', 'Libyan Arab Jamahiriya');
INSERT INTO [Countries] VALUES ('LI', 'Liechtenstein');
INSERT INTO [Countries] VALUES ('LT', 'Lithuania');
INSERT INTO [Countries] VALUES ('LU', 'Luxembourg');
INSERT INTO [Countries] VALUES ('MO', 'Macau');
INSERT INTO [Countries] VALUES ('MK', 'North Macedonia');
INSERT INTO [Countries] VALUES ('MG', 'Madagascar');
INSERT INTO [Countries] VALUES ('MW', 'Malawi');
INSERT INTO [Countries] VALUES ('MY', 'Malaysia');
INSERT INTO [Countries] VALUES ('MV', 'Maldives');
INSERT INTO [Countries] VALUES ('ML', 'Mali');
INSERT INTO [Countries] VALUES ('MT', 'Malta');
INSERT INTO [Countries] VALUES ('MH', 'Marshall Islands');
INSERT INTO [Countries] VALUES ('MQ', 'Martinique');
INSERT INTO [Countries] VALUES ('MR', 'Mauritania');
INSERT INTO [Countries] VALUES ('MU', 'Mauritius');
INSERT INTO [Countries] VALUES ('TY', 'Mayotte');
INSERT INTO [Countries] VALUES ('MX', 'Mexico');
INSERT INTO [Countries] VALUES ('FM', 'Micronesia, Federated States of');
INSERT INTO [Countries] VALUES ('MD', 'Moldova, Republic of');
INSERT INTO [Countries] VALUES ('MC', 'Monaco');
INSERT INTO [Countries] VALUES ('MN', 'Mongolia');
INSERT INTO [Countries] VALUES ('ME', 'Montenegro');
INSERT INTO [Countries] VALUES ('MS', 'Montserrat');
INSERT INTO [Countries] VALUES ('MA', 'Morocco');
INSERT INTO [Countries] VALUES ('MZ', 'Mozambique');
INSERT INTO [Countries] VALUES ('MM', 'Myanmar');
INSERT INTO [Countries] VALUES ('NA', 'Namibia');
INSERT INTO [Countries] VALUES ('NR', 'Nauru');
INSERT INTO [Countries] VALUES ('NP', 'Nepal');
INSERT INTO [Countries] VALUES ('NL', 'Netherlands');
INSERT INTO [Countries] VALUES ('AN', 'Netherlands Antilles');
INSERT INTO [Countries] VALUES ('NC', 'New Caledonia');
INSERT INTO [Countries] VALUES ('NZ', 'New Zealand');
INSERT INTO [Countries] VALUES ('NI', 'Nicaragua');
INSERT INTO [Countries] VALUES ('NE', 'Niger');
INSERT INTO [Countries] VALUES ('NG', 'Nigeria');
INSERT INTO [Countries] VALUES ('NU', 'Niue');
INSERT INTO [Countries] VALUES ('NF', 'Norfolk Island');
INSERT INTO [Countries] VALUES ('MP', 'Northern Mariana Islands');
INSERT INTO [Countries] VALUES ('NO', 'Norway');
INSERT INTO [Countries] VALUES ('OM', 'Oman');
INSERT INTO [Countries] VALUES ('PK', 'Pakistan');
INSERT INTO [Countries] VALUES ('PW', 'Palau');
INSERT INTO [Countries] VALUES ('PS', 'Palestine');
INSERT INTO [Countries] VALUES ('PA', 'Panama');
INSERT INTO [Countries] VALUES ('PG', 'Papua New Guinea');
INSERT INTO [Countries] VALUES ('PY', 'Paraguay');
INSERT INTO [Countries] VALUES ('PE', 'Peru');
INSERT INTO [Countries] VALUES ('PH', 'Philippines');
INSERT INTO [Countries] VALUES ('PN', 'Pitcairn');
INSERT INTO [Countries] VALUES ('PL', 'Poland');
INSERT INTO [Countries] VALUES ('PT', 'Portugal');
INSERT INTO [Countries] VALUES ('PR', 'Puerto Rico');
INSERT INTO [Countries] VALUES ('QA', 'Qatar');
INSERT INTO [Countries] VALUES ('RE', 'Reunion');
INSERT INTO [Countries] VALUES ('RO', 'Romania');
INSERT INTO [Countries] VALUES ('RU', 'Russian Federation');
INSERT INTO [Countries] VALUES ('RW', 'Rwanda');
INSERT INTO [Countries] VALUES ('KN', 'Saint Kitts and Nevis');
INSERT INTO [Countries] VALUES ('LC', 'Saint Lucia');
INSERT INTO [Countries] VALUES ('VC', 'Saint Vincent and the Grenadines');
INSERT INTO [Countries] VALUES ('WS', 'Samoa');
INSERT INTO [Countries] VALUES ('SM', 'San Marino');
INSERT INTO [Countries] VALUES ('ST', 'Sao Tome and Principe');
INSERT INTO [Countries] VALUES ('SA', 'Saudi Arabia');
INSERT INTO [Countries] VALUES ('SN', 'Senegal');
INSERT INTO [Countries] VALUES ('RS', 'Serbia');
INSERT INTO [Countries] VALUES ('SC', 'Seychelles');
INSERT INTO [Countries] VALUES ('SL', 'Sierra Leone');
INSERT INTO [Countries] VALUES ('SG', 'Singapore');
INSERT INTO [Countries] VALUES ('SK', 'Slovakia');
INSERT INTO [Countries] VALUES ('SI', 'Slovenia');
INSERT INTO [Countries] VALUES ('SB', 'Solomon Islands');
INSERT INTO [Countries] VALUES ('SO', 'Somalia');
INSERT INTO [Countries] VALUES ('ZA', 'South Africa');
INSERT INTO [Countries] VALUES ('GS', 'South Georgia South Sandwich Islands');
INSERT INTO [Countries] VALUES ('SS', 'South Sudan');
INSERT INTO [Countries] VALUES ('ES', 'Spain');
INSERT INTO [Countries] VALUES ('LK', 'Sri Lanka');
INSERT INTO [Countries] VALUES ('SH', 'St. Helena');
INSERT INTO [Countries] VALUES ('PM', 'St. Pierre and Miquelon');
INSERT INTO [Countries] VALUES ('SD', 'Sudan');
INSERT INTO [Countries] VALUES ('SR', 'Suriname');
INSERT INTO [Countries] VALUES ('SJ', 'Svalbard and Jan Mayen Islands');
INSERT INTO [Countries] VALUES ('SZ', 'Swaziland');
INSERT INTO [Countries] VALUES ('SE', 'Sweden');
INSERT INTO [Countries] VALUES ('CH', 'Switzerland');
INSERT INTO [Countries] VALUES ('SY', 'Syrian Arab Republic');
INSERT INTO [Countries] VALUES ('TW', 'Taiwan');
INSERT INTO [Countries] VALUES ('TJ', 'Tajikistan');
INSERT INTO [Countries] VALUES ('TZ', 'Tanzania, United Republic of');
INSERT INTO [Countries] VALUES ('TH', 'Thailand');
INSERT INTO [Countries] VALUES ('TG', 'Togo');
INSERT INTO [Countries] VALUES ('TK', 'Tokelau');
INSERT INTO [Countries] VALUES ('TO', 'Tonga');
INSERT INTO [Countries] VALUES ('TT', 'Trinidad and Tobago');
INSERT INTO [Countries] VALUES ('TN', 'Tunisia');
INSERT INTO [Countries] VALUES ('TR', 'Turkey');
INSERT INTO [Countries] VALUES ('TM', 'Turkmenistan');
INSERT INTO [Countries] VALUES ('TC', 'Turks and Caicos Islands');
INSERT INTO [Countries] VALUES ('TV', 'Tuvalu');
INSERT INTO [Countries] VALUES ('UG', 'Uganda');
INSERT INTO [Countries] VALUES ('UA', 'Ukraine');
INSERT INTO [Countries] VALUES ('AE', 'United Arab Emirates');
INSERT INTO [Countries] VALUES ('GB', 'United Kingdom');
INSERT INTO [Countries] VALUES ('US', 'United States');
INSERT INTO [Countries] VALUES ('UM', 'United States minor outlying islands');
INSERT INTO [Countries] VALUES ('UY', 'Uruguay');
INSERT INTO [Countries] VALUES ('UZ', 'Uzbekistan');
INSERT INTO [Countries] VALUES ('VU', 'Vanuatu');
INSERT INTO [Countries] VALUES ('VA', 'Vatican City State');
INSERT INTO [Countries] VALUES ('VE', 'Venezuela');
INSERT INTO [Countries] VALUES ('VN', 'Vietnam');
INSERT INTO [Countries] VALUES ('VG', 'Virgin Islands (British)');
INSERT INTO [Countries] VALUES ('VI', 'Virgin Islands (U.S.)');
INSERT INTO [Countries] VALUES ('WF', 'Wallis and Futuna Islands');
INSERT INTO [Countries] VALUES ('EH', 'Western Sahara');
INSERT INTO [Countries] VALUES ('YE', 'Yemen');
INSERT INTO [Countries] VALUES ('ZM', 'Zambia');
INSERT INTO [Countries] VALUES ('ZW', 'Zimbabwe');




INSERT INTO [dbo].[Drivers]
(
	FirstName,
	LastName,
	Dob,
	Pob,
	Country_Code,
	ImageUrl
)
VALUES
('Lewis', 'Hamilton', convert(date, '07-01-1985',105), 'Stevenage', 'GB', 'https://www.formula1.com/content/dam/fom-website/drivers/L/LEWHAM01_Lewis_Hamilton/lewham01.png.transform/2col/image.png'),
('Valtteri', 'Bottas', convert(date, '28-08-1989',105), 'Nastola', 'FI', 'https://www.formula1.com/content/dam/fom-website/drivers/V/VALBOT01_Valtteri_Bottas/valbot01.png.transform/2col/image.png'),
('Sebastian', 'Vettel', convert(date, '03-07-1987',105), 'Heppenheim', 'DE', 'https://www.formula1.com/content/dam/fom-website/drivers/S/SEBVET01_Sebastian_Vettel/sebvet01.png.transform/2col/image.png'),
('Pierre', 'Gasly', convert(date, '07-02-1996',105), 'Rouen', 'FR', 'https://www.formula1.com/content/dam/fom-website/drivers/P/PIEGAS01_Pierre_Gasly/piegas01.png.transform/2col/image.png'),
('Charles', 'Leclerc', convert(date, '16-10-1997',105), 'Monte Carlo', 'MC', 'https://www.formula1.com/content/dam/fom-website/drivers/C/CHALEC01_Charles_Leclerc/chalec01.png.transform/2col/image.png'),
('Daniel', 'Ricciardo', convert(date, '01-07-1989',105), 'Perth', 'AU', 'https://www.formula1.com/content/dam/fom-website/drivers/D/DANRIC01_Daniel_Ricciardo/danric01.png.transform/2col/image.png'),
('Max', 'Verstappen', convert(date, '30-09-1997',105), 'Hasselt', 'NL', 'https://www.formula1.com/content/dam/fom-website/drivers/M/MAXVER01_Max_Verstappen/maxver01.png.transform/2col/image.png'),
('Alexander', 'Albon', convert(date, '23-03-1996',105), 'London', 'TH', 'https://www.formula1.com/content/dam/fom-website/drivers/A/ALEALB01_Alexander_Albon/alealb01.png.transform/2col/image.png'),
('Carlos', 'Sainz', convert(date, '01-09-1994',105), 'Madrid', 'ES', 'https://www.formula1.com/content/dam/fom-website/drivers/C/CARSAI01_Carlos_Sainz/carsai01.png.transform/2col/image.png'),
('Lando', 'Norris', convert(date, '13-11-1999',105), 'Bristol', 'GB', 'https://www.formula1.com/content/dam/fom-website/drivers/L/LANNOR01_Lando_Norris/lannor01.png.transform/2col/image.png'),
('Sergio', 'Perez', convert(date, '26-01-1990',105), 'Guadalajara', 'MX', 'https://www.formula1.com/content/dam/fom-website/drivers/S/SERPER01_Sergio_Perez/serper01.png.transform/2col/image.png'),
('Esteban', 'Ocon', convert(date, '17-09-1996',105), 'Évreux', 'FR', 'https://www.formula1.com/content/dam/fom-website/drivers/E/ESTOCO01_Esteban_Ocon/estoco01.png.transform/2col/image.png'),
('Kimi', 'Raikkonen', convert(date, '17-10-1979',105), 'Espoo', 'FI', 'https://www.formula1.com/content/dam/fom-website/drivers/K/KIMRAI01_Kimi_R%C3%A4ikk%C3%B6nen/kimrai01.png.transform/2col/image.png'),
('Lance', 'Stroll', convert(date, '29-10-1998',105), 'Montreal', 'CA', 'https://www.formula1.com/content/dam/fom-website/drivers/L/LANSTR01_Lance_Stroll/lanstr01.png.transform/2col/image.png'),
('Antonio', 'Giovinazzi', convert(date, '14-12-1993',105), 'Martina Franca', 'IT', 'https://www.formula1.com/content/dam/fom-website/drivers/A/ANTGIO01_Antonio_Giovinazzi/antgio01.png.transform/2col/image.png'),
('Kevin', 'Magnussen', convert(date, '05-10-1992',105), 'Roskilde', 'DK', 'https://www.formula1.com/content/dam/fom-website/drivers/K/KEVMAG01_Kevin_Magnussen/kevmag01.png.transform/2col/image.png'),
('Romain', 'Grosjean', convert(date, '17-04-1986',105), 'Geneva', 'CH', 'https://www.formula1.com/content/dam/fom-website/drivers/R/ROMGRO01_Romain_Grosjean/romgro01.png.transform/2col/image.png'),
('George', 'Russell', convert(date, '15-02-1998',105), 'Kings Lynn', 'GB', 'https://www.formula1.com/content/dam/fom-website/drivers/G/GEORUS01_George_Russell/georus01.png.transform/2col/image.png'),
('Daniil', 'Kvyat', convert(date, '26-04-1994',105), 'Ufa', 'RU', 'https://www.formula1.com/content/dam/fom-website/drivers/D/DANKVY01_Daniil_Kvyat/dankvy01.png.transform/2col/image.png'),
('Nicholas', 'Latifi', convert(date, '29-06-1995',105), 'Montreal', 'CA', 'https://www.formula1.com/content/dam/fom-website/drivers/N/NICLAF01_Nicholas_Latifi/niclaf01.png.transform/2col/image.png');





INSERT INTO [dbo].[Teams]
(
	Name,
	FullName,
	Country_Code,
	PowerUnit,
	TechnicalChief,
	Chassis,
	Driver1_Id,
	Driver2_Id
)
VALUES
('Alfa Romeo Racing', 'Alfa Romeo Racing', 'CH', 'Ferrari', 'Jan Monchaux', 'C38', 20, 10),
('Ferrari', 'Scuderia Ferrari Mission Winnow', 'IT', 'Ferrari', 'Mattia Binotto', 'SF90',20,10),
('Red Bull Racing', 'Aston Martin Red Bull Racing', 'GB', 'Honda', 'Pierre Waché', 'RB15',20,10),
('Haas', 'Haas F1 Team', 'US', 'Ferrari', 'Rob Taylor', 'VF-19', 20, 10),
('McLaren', 'McLaren F1 Team', 'GB', 'Renault', 'James Key', 'MCL34', 20, 10),
('Mercedes', 'Mercedes AMG Petronas Motorsport', 'GB', 'Mercedes', 'James Allison', 'W10',20,10),
('AlphaTauri', '	Scuderia AlphaTauri Honda', 'IT', 'Honda', 'Jody Eggington', 'STR14', 20, 10),
('Racing Point', 'SportPesa Racing Point F1 Team', 'GB', 'BWT Mercedes', 'Andrew Green', 'RP19', 20, 10),
('Williams', 'ROKiT Williams Racing', 'GB', 'Mercedes', 'TBC', 'FW42', 20, 10),
('Renault', 'Renault F1 Team', 'GB', 'Renault', 'Nick Chester', 'R.S.19',20,10);






INSERT INTO [dbo].[Circuits]
(
	Name,
	Length,
	RecordLap,
	Location,
	Country_Code,
	ImageUrl
)
VALUES
('Melbourne Grand Prix Circuit', '5303 km', '1:24.125 - M Schumacher (2004)', 'Melbourne', 'AU', 'https://www.formula1.com/content/dam/fom-website/2018-redesign-assets/Circuit%20maps%2016x9/Australia_Circuit.png.transform/6col/image.png'),
('Bahrain International Circuit', '308.238 km', '1:31.447 - De la Rosa (2005)', 'Sakhir', 'BH', 'https://www.formula1.com/content/dam/fom-website/2018-redesign-assets/Circuit%20maps%2016x9/Bahrain_Circuit.png.transform/6col/image.png'),
('Hanoi Circuit', '5.613 km', '', 'Hanoi', 'VN', 'https://www.formula1.com/content/dam/fom-website/2018-redesign-assets/Circuit%20maps%2016x9/Vietnam_Circuit.png.transform/6col/image.png'),
('Shanghai International Circuit', '5.451 km', '1:32.238 - M Schumacher (2004)', 'Shanghai', 'CN', 'https://www.formula1.com/content/dam/fom-website/2018-redesign-assets/Circuit%20maps%2016x9/China_Circuit.png.transform/6col/image.png'),
('Zandvoort Circuit', '4.259 km', '', 'Zandvoort', 'NL', 'https://www.formula1.com/content/dam/fom-website/2018-redesign-assets/Circuit%20maps%2016x9/Netherlands_Circuit.png.transform/6col/image.png'),
('Circuit de Barcelona-Catalunya', '4.655 km', '1:18.441 - Ricciardo (2018)', 'Catalunya', 'ES', 'https://www.formula1.com/content/dam/fom-website/2018-redesign-assets/Circuit%20maps%2016x9/Spain_Circuit.png.transform/6col/image.png'),
('Circuit de Monaco', '3.337 km', '1:14.260 - M Verstappen (2018)', 'Monte Carlo', 'MC', 'https://www.formula1.com/content/dam/fom-website/2018-redesign-assets/Circuit%20maps%2016x9/Monoco_Circuit.png.transform/6col/image.png'),
('Baku City Circuit', '6.003 km', '1:43.009 - Leclerc (2019)', 'Baku', 'AZ', 'https://www.formula1.com/content/dam/fom-website/2018-redesign-assets/Circuit%20maps%2016x9/Baku_Circuit.png.transform/6col/image.png'),
('Circuit Gilles-Villeneuve', '4.361 km', '1:13.078 - Bottas (2019)', 'Montreal', 'CA', 'https://www.formula1.com/content/dam/fom-website/2018-redesign-assets/Circuit%20maps%2016x9/Canada_Circuit.png.transform/6col/image.png'),
('Circuit Paul Ricard', '5.842 km', '1:32.740 - Vettel (2019)', 'Le Castellet', 'FR', 'https://www.formula1.com/content/dam/fom-website/2018-redesign-assets/Circuit%20maps%2016x9/France_Circuit.png.transform/6col/image.png'),
('Red Bull Ring', '4.318 km', '1:06.957 - Raikkonen (2018)', 'Spielberg', 'AT', 'https://www.formula1.com/content/dam/fom-website/2018-redesign-assets/Circuit%20maps%2016x9/Austria_Circuit.png.transform/6col/image.png'),
('Silverstone Circuit', '5.891 km', '1:27.369 - Hamilton (2019)', 'Silverstone', 'GB', 'https://www.formula1.com/content/dam/fom-website/2018-redesign-assets/Circuit%20maps%2016x9/Great_Britain_Circuit.png.transform/6col/image.png'),
('Hungaroring', '4.381 km', '1:17.103 - M Verstappen (2019)', 'Budapest', 'HU', 'https://www.formula1.com/content/dam/fom-website/2018-redesign-assets/Circuit%20maps%2016x9/Hungary_Circuit.png.transform/6col/image.png'),
('Circuit de Spa-Francorchamps', '7.004 km', '1:46.286 - Bottas (2018)', 'Spa-Francorchamps', 'BE', 'https://www.formula1.com/content/dam/fom-website/2018-redesign-assets/Circuit%20maps%2016x9/Belgium_Circuit.png.transform/6col/image.png'),
('Autodromo Nazionale Monza', '5.793 km', '1:21.046 - Barrichello (2004)', 'Monza', 'IT', 'https://www.formula1.com/content/dam/fom-website/2018-redesign-assets/Circuit%20maps%2016x9/Italy_Circuit.png.transform/6col/image.png'),
('Marina Bay Street Circuit', '5.063 km', '1:41.905 - K Magnussen (2018)', 'Marina Bay', 'SG', 'https://www.formula1.com/content/dam/fom-website/2018-redesign-assets/Circuit%20maps%2016x9/Singapore_Circuit.png.transform/6col/image.png'),
('Sochi Autodrom', '5.848 km', '1:35.761 - Hamilton (2019)', 'Sochi', 'RU', 'https://www.formula1.com/content/dam/fom-website/2018-redesign-assets/Circuit%20maps%2016x9/Russia_Circuit.png.transform/6col/image.png'),
('Suzuka International Racing Course', '5.807 km', 'recordlap', '1:30.983 - Hamilton (2019)', 'JP', 'https://www.formula1.com/content/dam/fom-website/2018-redesign-assets/Circuit%20maps%2016x9/Japan_Circuit.png.transform/6col/image.png'),
('Circuit of The Americas', '5.513 km', '1:36.169 - Leclerc (2019)', 'Austin', 'US', 'https://www.formula1.com/content/dam/fom-website/2018-redesign-assets/Circuit%20maps%2016x9/USA_Circuit.png.transform/6col/image.png'),
('Autodromo Hermanos Rodriguez', '4.304 km', '	1:18.741 - Bottas (2018)', 'Mexico City', 'MX', 'https://www.formula1.com/content/dam/fom-website/2018-redesign-assets/Circuit%20maps%2016x9/Mexico_Circuit.png.transform/6col/image.png'),
('Autodromo Jose Carlos Pace', '4.309 km', '1:10.540 - Bottas (2018)', 'Sao Paulo', 'BR', 'https://www.formula1.com/content/dam/fom-website/2018-redesign-assets/Circuit%20maps%2016x9/Brazil_Circuit.png.transform/6col/image.png'),
('Yas Marina Circuit', '5.554 km', '1:39.283 - Hamilton (2019)', 'Yas Island', 'AE', 'https://www.formula1.com/content/dam/fom-website/2018-redesign-assets/Circuit%20maps%2016x9/Abu_Dhabi_Circuit.png.transform/6col/image.png');




INSERT INTO [dbo].[Races]
(
	Name,
	Laps,
	Date,
	Circuit_Id
)
VALUES
('Melbourne Grand Prix Circuit', 58, NULL, 1),
('Bahrain International Circuit', 57, NULL, 2),
('Hanoi Circuit', 55, NULL, 3),
('Shanghai International Circuit', 56, NULL, 4),
('Zandvoort Circuit', 72, NULL, 5),
('Circuit de Barcelona-Catalunya', 66, NULL, 6),
('Circuit de Monaco', 78, NULL, 7),
('Baku City Circuit', 51, NULL, 8),
('Circuit Gilles-Villeneuve', 70, NULL, 9),
('Circuit Paul Ricard', 53, NULL, 10),
('Red Bull Ring', 71, NULL, 11),
('Silverstone Circuit', 52, NULL, 12),
('Hungaroring', 70, NULL, 13),
('Circuit de Spa-Francorchamps', 44, NULL, 14),
('Autodromo Nazionale Monza', 53, NULL, 15),
('Marina Bay Street Circuit', 61, NULL, 16),
('Sochi Autodrom', 53, NULL, 17),
('Suzuka International Racing Course', 53, NULL, 18),
('Circuit of The Americas', 56, NULL, 19),
('Autodromo Hermanos Rodriguez', 71, NULL, 20),
('Autodromo Jose Carlos Pace', 71, NULL, 21),
('Yas Marina Circuit', 55, NULL, 22);




INSERT INTO [dbo].[Results]
(
	Position,
	Score,
	FastestLap,
	Driver_Id,
	Race_Id
)
VALUES
(1, 12, '4th' , 2 , 1),
(2, 10, '15th', 4 , 1),
(3, 8 , '23th', 10, 1),
(4, 7 , '28th', 3 , 1),
(5, 4 , '37th', 7 , 1),
(6, 2 , '11th', 9 , 1),
               
(1, 12, '4th' , 2 , 2),
(2, 10, '15th', 4 , 2),
(3, 8 , '23th', 10, 2),
(4, 7 , '28th', 3 , 2),
(5, 4 , '37th', 7 , 2),
(6, 2 , '11th', 9 , 2),
               
(1, 12, '4th' , 2 , 3),
(2, 10, '15th', 4 , 3),
(3, 8 , '23th', 10, 3),
(4, 7 , '28th', 3 , 3),
(5, 4 , '37th', 7 , 3),
(6, 2 , '11th', 9 , 3),
               
(1, 12, '4th' , 2 , 4),
(2, 10, '15th', 4 , 4),
(3, 8 , '23th', 10, 4),
(4, 7 , '28th', 3 , 4),
(5, 4 , '37th', 7 , 4),
(6, 2 , '11th', 9 , 4),
               
(1, 12, '4th' , 2 , 5),
(2, 10, '15th', 4 , 5),
(3, 8 , '23th', 10, 5),
(4, 7 , '28th', 3 , 5),
(5, 4 , '37th', 7 , 5),
(6, 2 , '11th', 9 , 5),
               
(1, 12, '4th' , 2 , 6),
(2, 10, '15th', 4 , 6),
(3, 8 , '23th', 10, 6),
(4, 7 , '28th', 3 , 6),
(5, 4 , '37th', 7 , 6),
(6, 2 , '11th', 9 , 6),
               
(1, 12, '4th' , 2 , 7),
(2, 10, '15th', 4 , 7),
(3, 8 , '23th', 10, 7),
(4, 7 , '28th', 3 , 7),
(5, 4 , '37th', 7 , 7),
(6, 2 , '11th', 9 , 7),
               
(1, 12, '4th' , 2 , 8),
(2, 10, '15th', 4 , 8),
(3, 8 , '23th', 10, 8),
(4, 7 , '28th', 3 , 8),
(5, 4 , '37th', 7 , 8),
(6, 2 , '11th', 9 , 8),
               
(1, 12, '4th' , 2 , 9),
(2, 10, '15th', 4 , 9),
(3, 8 , '23th', 10, 9),
(4, 7 , '28th', 3 , 9),
(5, 4 , '37th', 7 , 9),
(6, 2 , '11th', 9 , 9),
               
(1, 12, '4th' , 2 , 10),
(2, 10, '15th', 4 , 10),
(3, 8 , '23th', 10, 10),
(4, 7 , '28th', 3 , 10),
(5, 4 , '37th', 7 , 10),
(6, 2 , '11th', 9 , 10),
               
(1, 12, '4th' , 2 , 11),
(2, 10, '15th', 4 , 11),
(3, 8 , '23th', 10, 11),
(4, 7 , '28th', 3 , 11),
(5, 4 , '37th', 7 , 11),
(6, 2 , '11th', 9 , 11),
               
(1, 12, '4th' , 2 , 12),
(2, 10, '15th', 4 , 12),
(3, 8 , '23th', 10, 12),
(4, 7 , '28th', 3 , 12),
(5, 4 , '37th', 7 , 12),
(6, 2 , '11th', 9 , 12),
               
(1, 12, '4th' , 2 , 13),
(2, 10, '15th', 4 , 13),
(3, 8 , '23th', 10, 13),
(4, 7 , '28th', 3 , 13),
(5, 4 , '37th', 7 , 13),
(6, 2 , '11th', 9 , 13);
